City_ID,City,Country,Date,Lat,Lng,Max Temp,Humidity,Cloudiness,Wind Speed
0,Tuatapere,NZ,2022-11-10 22:50:13,-46.1333,167.6833,292.85,46,0,2.0
1,Albany,US,2022-11-10 22:48:33,42.6001,-73.9662,287.27,70,19,1.09
2,Saint-Philippe,RE,2022-11-10 22:53:22,-21.3585,55.7679,293.92,77,9,2.97
3,Tefe,BR,2022-11-10 22:51:13,-3.3542,-64.7114,302.21,70,75,2.57
4,Guantanamo,CU,2022-11-10 22:53:22,20.1444,-75.2092,300.63,91,36,1.22
5,Provideniya,RU,2022-11-10 22:53:23,64.3833,-173.3,268.35,68,40,3.13
6,Whitehaven,GB,2022-11-10 22:53:23,54.549,-3.5841,286.85,100,100,8.94
7,Marfino,RU,2022-11-10 22:53:23,55.7028,37.3822,281.12,91,100,4.0
8,Vaini,TO,2022-11-10 22:53:23,-21.2,-175.2,298.24,100,100,3.6
9,Macas,EC,2022-11-10 22:53:24,-2.3167,-78.1167,294.01,94,100,2.57
10,Jamestown,US,2022-11-10 22:53:01,42.097,-79.2353,289.95,39,0,3.09
11,Whyalla,AU,2022-11-10 22:53:24,-33.0333,137.5833,291.07,68,23,4.02
12,Alakurtti,RU,2022-11-10 22:53:25,66.9672,30.3491,272.91,99,100,1.48
13,Kalagarh,IN,2022-11-10 22:53:25,29.5,78.75,288.83,60,0,1.47
14,Evensk,RU,2022-11-10 22:53:26,61.95,159.2333,261.6,78,100,8.03
15,East London,ZA,2022-11-10 22:53:26,-33.0153,27.9116,291.47,86,100,8.63
16,Airai,TL,2022-11-10 22:53:26,-8.9266,125.4092,292.01,79,97,1.03
17,Hermanus,ZA,2022-11-10 22:53:27,-34.4187,19.2345,289.15,79,19,6.38
18,Nikolayevskaya,RU,2022-11-10 22:53:27,47.6139,41.5023,277.35,77,23,2.97
19,Leh,IN,2022-11-10 22:53:27,34.1667,77.5833,266.71,64,37,0.37
20,New Norfolk,AU,2022-11-10 22:53:27,-42.7826,147.0587,292.87,69,100,0.89
21,Bluff,NZ,2022-11-10 22:53:28,-46.6,168.3333,287.53,64,0,2.42
22,Mataura,NZ,2022-11-10 22:53:28,-46.1927,168.8643,295.98,40,0,0.29
23,Ushuaia,AR,2022-11-10 22:53:28,-54.8,-68.3,281.96,57,75,6.69
24,Urubicha,BO,2022-11-10 22:53:29,-15.3833,-62.95,303.87,40,58,2.13
25,Port Elizabeth,ZA,2022-11-10 22:53:29,-33.918,25.5701,290.98,86,100,8.23
26,Lebu,CL,2022-11-10 22:53:30,-37.6167,-73.65,286.44,94,100,3.47
27,Barrow,US,2022-11-10 22:50:27,71.2906,-156.7887,269.16,86,100,10.29
28,Bairiki,KI,2022-11-10 22:53:30,1.3292,172.9752,302.15,74,20,6.69
29,Bolotnoye,RU,2022-11-10 22:53:30,55.6717,84.3981,270.71,94,100,5.65
30,Hovd,MN,2022-11-10 22:53:31,48.0056,91.6419,264.22,45,3,2.16
31,Divnomorskoye,RU,2022-11-10 22:53:31,44.5011,38.1353,284.36,68,7,2.0
32,Dikson,RU,2022-11-10 22:53:31,73.5069,80.5464,255.36,86,93,6.4
33,Kodiak,US,2022-11-10 22:53:32,57.79,-152.4072,275.3,66,6,0.55
34,Thompson,CA,2022-11-10 22:53:32,55.7435,-97.8558,258.24,78,40,2.06
35,Saint-Pierre,RE,2022-11-10 22:53:32,-21.3393,55.4781,293.97,52,0,3.09
36,Kalispell,US,2022-11-10 22:53:32,48.1958,-114.3129,270.25,76,100,0.0
37,Cheney,US,2022-11-10 22:50:04,47.4874,-117.5758,275.51,69,20,2.06
38,Punta Arenas,CL,2022-11-10 22:52:24,-53.15,-70.9167,285.21,40,0,6.69
39,El Penon,CO,2022-11-10 22:53:33,8.9892,-73.9486,297.04,93,100,0.6
40,Hobart,AU,2022-11-10 22:53:33,-42.8794,147.3294,293.07,77,40,2.57
41,Saskylakh,RU,2022-11-10 22:53:33,71.9167,114.0833,240.64,100,58,1.59
42,Bengkulu,ID,2022-11-10 22:53:34,-3.8004,102.2655,296.5,89,55,1.56
43,Kapaa,US,2022-11-10 22:53:34,22.0752,-159.319,301.14,64,4,2.24
44,Namibe,AO,2022-11-10 22:53:34,-15.1961,12.1522,291.4,80,16,3.82
45,Pershotravneve,UA,2022-11-10 22:53:34,51.3929,28.8684,281.6,91,100,3.35
46,Huarmey,PE,2022-11-10 22:54:35,-10.0681,-78.1522,292.09,80,6,4.6
47,Constitucion,CL,2022-11-10 22:54:35,-35.3333,-72.4167,286.59,81,100,1.02
48,Cape Town,ZA,2022-11-10 22:51:32,-33.9258,18.4232,291.38,64,0,5.36
49,Lagoa,PT,2022-11-10 22:54:35,39.05,-27.9833,289.45,68,100,8.8
50,Rikitea,PF,2022-11-10 22:54:36,-23.1203,-134.9692,295.73,87,67,5.24
51,Saldanha,ZA,2022-11-10 22:54:36,-33.0117,17.9442,287.18,84,0,3.6
52,Vanavara,RU,2022-11-10 22:54:36,60.34,102.2797,261.66,96,99,0.88
53,Acapulco,MX,2022-11-10 22:53:24,16.8634,-99.8901,300.88,78,29,4.73
54,Ouallam,NE,2022-11-10 22:54:36,14.3188,2.0866,299.69,18,21,2.56
55,Clyde River,CA,2022-11-10 22:52:14,70.4692,-68.5914,253.28,65,20,7.72
56,Los Llanos De Aridane,ES,2022-11-10 22:53:42,28.6585,-17.9182,293.01,72,75,3.6
57,Bundaberg,AU,2022-11-10 22:54:37,-24.85,152.35,297.71,54,0,2.24
58,Sangar,RU,2022-11-10 22:54:37,63.9242,127.4739,254.23,95,100,5.75
59,Iquique,CL,2022-11-10 22:54:37,-20.2208,-70.1431,292.17,78,35,0.46
60,Barcelona,ES,2022-11-10 22:49:49,41.3888,2.159,290.12,77,20,2.06
61,Soubre,CI,2022-11-10 22:54:38,5.7856,-6.6083,295.99,96,96,1.29
62,Arraial Do Cabo,BR,2022-11-10 22:54:38,-22.9661,-42.0278,297.13,83,40,2.57
63,Comodoro Rivadavia,AR,2022-11-10 22:54:38,-45.8667,-67.5,285.07,82,75,3.6
64,Ituiutaba,BR,2022-11-10 22:52:13,-18.9689,-49.465,298.57,58,45,3.33
65,Mpika,ZM,2022-11-10 22:54:39,-11.8343,31.4529,289.64,92,100,2.02
66,Yerofey Pavlovich,RU,2022-11-10 22:54:39,53.9667,121.9667,261.26,89,86,0.96
67,Misasi,TZ,2022-11-10 22:54:39,-3.0,33.0833,294.16,78,96,1.71
68,Atuona,PF,2022-11-10 22:54:40,-9.8,-139.0333,298.67,79,9,4.83
69,Mahebourg,MU,2022-11-10 22:54:40,-20.4081,57.7,296.31,78,40,1.54
70,Conakry,GN,2022-11-10 22:51:29,9.538,-13.6773,301.19,83,40,2.06
71,Araouane,ML,2022-11-10 22:54:40,18.9048,-3.5265,296.83,11,0,2.67
72,Hokitika,NZ,2022-11-10 22:54:41,-42.7167,170.9667,290.6,47,99,3.01
73,Salinas,US,2022-11-10 22:54:41,36.6777,-121.6555,290.37,53,0,1.85
74,Castro,BR,2022-11-10 22:54:41,-24.7911,-50.0119,290.57,64,18,1.09
75,Pacific Grove,US,2022-11-10 22:54:41,36.6177,-121.9166,290.05,65,0,4.92
76,Beringovskiy,RU,2022-11-10 22:54:42,63.05,179.3167,262.41,74,5,2.48
77,Busselton,AU,2022-11-10 22:54:42,-33.65,115.3333,285.69,66,60,7.31
78,Port Alfred,ZA,2022-11-10 22:54:42,-33.5906,26.891,290.47,83,100,2.24
79,Douentza,ML,2022-11-10 22:54:42,14.9951,-2.9517,298.26,14,2,1.68
80,Burnie,AU,2022-11-10 22:54:43,-41.0667,145.9167,288.65,96,100,3.55
81,Kerema,PG,2022-11-10 22:54:43,-7.9631,145.7785,300.57,75,99,2.21
82,Port Hardy,CA,2022-11-10 22:54:43,50.6996,-127.4199,278.25,81,100,10.8
83,Timbiqui,CO,2022-11-10 22:54:44,2.7717,-77.6654,297.06,90,97,2.6
84,Narsaq,GL,2022-11-10 22:54:44,60.9167,-46.05,267.5,96,100,1.14
85,Duldurga,RU,2022-11-10 22:54:44,50.6761,113.5931,265.98,78,41,5.05
86,Lata,PT,2022-11-10 22:54:44,40.1629,-8.3327,285.41,84,1,1.51
87,Hithadhoo,MV,2022-11-10 22:54:45,-0.6,73.0833,300.23,78,44,5.92
88,Ribeira Grande,PT,2022-11-10 22:54:45,38.5167,-28.7,288.58,79,100,1.79
89,Georgetown,MY,2022-11-10 22:54:45,5.4112,100.3354,299.2,91,20,3.09
90,Noyabrsk,RU,2022-11-10 22:55:45,63.1994,75.4507,254.93,100,66,2.18
91,Dalvik,IS,2022-11-10 22:55:46,65.9702,-18.5286,278.11,99,100,6.99
92,Lazaro Cardenas,MX,2022-11-10 22:55:46,17.9583,-102.2,300.69,77,8,5.1
93,Souillac,MU,2022-11-10 22:55:46,-20.5167,57.5167,296.36,78,40,1.54
94,Tasiilaq,GL,2022-11-10 22:55:47,65.6145,-37.6368,273.83,83,100,12.4
95,Yellowknife,CA,2022-11-10 22:50:45,62.456,-114.3525,263.46,79,100,5.14
96,Luganville,VU,2022-11-10 22:55:47,-15.5333,167.1667,302.76,70,12,3.12
97,Hilo,US,2022-11-10 22:55:47,19.7297,-155.09,301.07,73,2,1.34
98,Banepa,NP,2022-11-10 22:55:47,27.6298,85.5214,285.33,88,20,1.03
99,Neuquen,AR,2022-11-10 22:55:48,-38.9516,-68.0591,297.09,31,0,2.06
100,Chuy,UY,2022-11-10 22:51:15,-33.6971,-53.4616,289.66,93,39,4.1
101,Rizhao,CN,2022-11-10 22:55:48,35.4275,119.4553,289.83,91,100,2.04
102,Cap Malheureux,MU,2022-11-10 22:55:48,-19.9842,57.6142,295.63,72,16,0.45
103,Rusape,ZW,2022-11-10 22:55:49,-18.5278,32.1284,289.21,95,65,1.61
104,Bambous Virieux,MU,2022-11-10 22:55:49,-20.3428,57.7575,296.29,78,40,1.54
105,Aloleng,PH,2022-11-10 22:55:49,16.1307,119.7824,299.88,78,92,3.37
106,Kaitangata,NZ,2022-11-10 22:55:49,-46.2817,169.8464,290.76,53,0,3.55
107,Yongan,CN,2022-11-10 22:55:50,39.6957,113.6871,279.43,87,64,2.84
108,Avera,US,2022-11-10 22:55:50,33.194,-82.5271,290.88,95,100,9.83
109,Humaita,BR,2022-11-10 22:55:50,-7.5061,-63.0208,299.5,68,95,0.93
110,Londoko,RU,2022-11-10 22:55:51,49.0333,131.9833,268.44,57,100,0.28
111,Mabaruma,GY,2022-11-10 22:55:51,8.2,-59.7833,296.24,98,97,0.96
112,Antalaha,MG,2022-11-10 22:55:51,-14.9003,50.2788,293.59,81,37,2.52
113,Saint-Francois,FR,2022-11-10 22:55:51,46.4154,3.9054,281.3,100,100,2.57
114,Faanui,PF,2022-11-10 22:55:52,-16.4833,-151.75,299.43,77,34,3.75
115,Saint Augustine,US,2022-11-10 22:52:34,29.8947,-81.3145,298.18,94,100,8.23
116,Nadezhda,RU,2022-11-10 22:55:52,44.1,44.6,281.58,86,62,2.49
117,Pitimbu,BR,2022-11-10 22:55:52,-7.4706,-34.8086,299.48,81,33,3.67
118,Boyuibe,BO,2022-11-10 22:55:53,-20.4167,-63.2833,299.01,41,16,4.9
119,Nikolskoye,RU,2022-11-10 22:55:53,59.7035,30.7861,282.48,91,100,2.88
120,Mareeba,AU,2022-11-10 22:55:53,-17.0,145.4333,300.64,72,20,2.39
121,Booue,GA,2022-11-10 22:55:53,-0.0921,11.9385,294.38,99,100,0.89
122,Loei,TH,2022-11-10 22:55:54,17.4167,101.5,288.22,80,53,0.2
123,Lorengau,PG,2022-11-10 22:55:54,-2.0226,147.2712,299.87,81,99,3.19
124,Port Lincoln,AU,2022-11-10 22:55:54,-34.7333,135.8667,289.84,64,52,3.16
125,Tamiahua,MX,2022-11-10 22:55:55,21.2667,-97.45,298.65,79,15,5.22
126,Pemangkat,ID,2022-11-10 22:55:55,1.1667,108.9667,298.6,87,99,2.24
127,Arman,RU,2022-11-10 22:55:55,59.7,150.1667,254.5,83,2,5.79
128,Praia,CV,2022-11-10 22:55:55,14.9215,-23.5087,298.45,78,40,6.69
129,Grand Bank,CA,2022-11-10 22:55:56,47.0999,-55.765,281.15,83,100,9.46
130,College,US,2022-11-10 22:55:56,64.8569,-147.8028,268.26,88,100,0.18
131,Yar-Sale,RU,2022-11-10 22:55:56,66.8333,70.8333,261.09,96,100,4.51
132,Puerto Ayora,EC,2022-11-10 22:55:57,-0.7393,-90.3518,298.13,83,43,1.79
133,Kavieng,PG,2022-11-10 22:55:57,-2.5744,150.7967,300.72,77,100,1.22
134,Invermere,CA,2022-11-10 22:56:57,50.5167,-116.0354,269.31,89,23,1.0
135,Lilongwe,MW,2022-11-10 22:56:58,-13.9669,33.7873,293.72,75,100,1.45
136,Chateaubelair,VC,2022-11-10 22:56:58,13.2833,-61.25,298.44,94,40,4.12
137,Yumen,CN,2022-11-10 22:56:58,40.2833,97.2,275.32,43,100,8.84
138,Pangnirtung,CA,2022-11-10 22:56:59,66.1451,-65.7125,259.15,78,75,3.6
139,Ilulissat,GL,2022-11-10 22:56:59,69.2167,-51.1,256.63,81,100,1.44
140,Mehamn,NO,2022-11-10 22:56:59,71.0357,27.8492,274.12,86,0,2.06
141,Husavik,IS,2022-11-10 22:56:59,66.0449,-17.3389,278.16,97,100,7.57
142,Port-Gentil,GA,2022-11-10 22:57:00,-0.7193,8.7815,297.13,94,20,2.06
143,Bethel,US,2022-11-10 22:57:00,41.3712,-73.414,288.5,67,0,0.45
144,Ekibastuz,KZ,2022-11-10 22:57:00,51.6667,75.3667,271.75,86,96,7.75
145,Nieuw Amsterdam,SR,2022-11-10 22:57:00,5.8833,-55.0833,300.16,85,40,1.54
146,Linguere,SN,2022-11-10 22:57:01,15.3953,-15.1193,301.72,14,73,3.54
147,Butaritari,KI,2022-11-10 22:54:58,3.0707,172.7902,300.55,77,87,9.71
148,Cockburn Town,TC,2022-11-10 22:55:48,21.4612,-71.1419,300.98,78,4,6.38
149,Mackay,AU,2022-11-10 22:57:01,-21.15,149.2,299.08,59,32,6.0
150,Tautira,PF,2022-11-10 22:57:02,-17.7333,-149.15,298.03,85,60,4.29
151,Qasigiannguit,GL,2022-11-10 22:57:02,68.8193,-51.1922,256.42,80,100,1.66
152,Upernavik,GL,2022-11-10 22:57:02,72.7868,-56.1549,261.03,88,100,1.77
153,Tuktoyaktuk,CA,2022-11-10 22:57:03,69.4541,-133.0374,266.15,93,100,3.6
154,Flin Flon,CA,2022-11-10 22:57:03,54.7682,-101.865,262.06,73,40,1.54
155,Uusikaupunki,FI,2022-11-10 22:57:04,60.8004,21.4084,281.87,92,100,7.74
156,Russell,US,2022-11-10 22:57:04,32.3502,-85.1999,292.02,88,100,6.17
157,Port-Cartier,CA,2022-11-10 22:57:07,50.0334,-66.8654,278.97,82,100,3.84
158,Shitanjing,CN,2022-11-10 22:57:07,39.2342,106.3439,276.65,76,100,5.78
159,Palauig,PH,2022-11-10 22:57:08,15.435,119.9045,300.54,72,98,1.26
160,Marsh Harbour,BS,2022-11-10 22:57:08,26.5412,-77.0636,299.66,81,26,8.7
161,Iqaluit,CA,2022-11-10 22:57:08,63.7506,-68.5145,252.42,70,20,4.63
162,Hervey Bay,AU,2022-11-10 22:57:10,-25.2986,152.8535,295.33,52,2,3.94
163,Ancud,CL,2022-11-10 22:57:10,-41.8697,-73.8203,284.78,94,100,2.77
164,Tiksi,RU,2022-11-10 22:57:11,71.6872,128.8694,247.21,100,93,2.35
165,Longyearbyen,SJ,2022-11-10 22:57:11,78.2186,15.6401,272.06,69,75,5.66
166,Avarua,CK,2022-11-10 22:57:12,-21.2078,-159.775,299.18,69,100,6.17
167,Peniche,PT,2022-11-10 22:57:12,39.3558,-9.3811,288.4,95,0,3.26
168,Finschhafen,PG,2022-11-10 22:57:13,-6.6024,147.8681,299.88,84,100,1.1
169,Kulhudhuffushi,MV,2022-11-10 22:57:13,6.6221,73.07,300.24,72,93,0.93
170,Hami,CN,2022-11-10 22:57:14,42.8,93.45,274.26,38,21,3.94
171,Cayenne,GF,2022-11-10 22:55:04,4.9333,-52.3333,297.17,94,75,0.0
172,Gorontalo,ID,2022-11-10 22:57:14,0.5412,123.0595,299.43,85,100,0.76
173,Solnechnyy,RU,2022-11-10 22:57:14,50.7214,136.6319,267.58,51,1,1.42
174,Poum,NC,2022-11-10 22:57:15,-20.2333,164.0167,297.59,71,100,5.22
175,Peterhead,GB,2022-11-10 22:57:15,57.5058,-1.7981,289.54,80,100,12.88
176,Nara,JP,2022-11-10 22:57:16,34.6851,135.8049,289.09,72,26,0.26
177,Manacapuru,BR,2022-11-10 22:57:16,-3.2997,-60.6206,302.18,63,97,1.88
178,Yining,CN,2022-11-10 22:57:18,29.0361,114.5636,292.85,72,52,0.48
179,Carnarvon,AU,2022-11-10 22:55:10,-24.8667,113.6333,293.16,62,2,6.81
180,Wajid,SO,2022-11-10 22:58:18,3.8093,43.2471,296.27,82,100,5.24
181,Seymchan,RU,2022-11-10 22:58:18,62.8833,152.4333,243.43,100,99,0.25
182,Port Augusta,AU,2022-11-10 22:58:19,-32.5,137.7667,293.81,58,6,3.97
183,Manga,BF,2022-11-10 22:58:19,11.6636,-1.0731,299.3,24,7,0.28
184,Kruisfontein,ZA,2022-11-10 22:58:19,-34.0033,24.7314,289.75,82,98,6.22
185,Bogo,PH,2022-11-10 22:58:19,11.0517,124.0055,300.07,82,88,2.88
186,Fairbanks,US,2022-11-10 22:58:09,64.8378,-147.7164,268.27,90,100,0.14
187,Svetlogorsk,BY,2022-11-10 22:58:20,52.6333,29.7333,281.22,93,100,4.04
188,Vardo,NO,2022-11-10 22:58:20,70.3705,31.1107,275.14,80,100,5.14
189,Amberley,US,2022-11-10 22:58:21,39.2048,-84.428,292.45,45,100,0.45
190,Antofagasta,CL,2022-11-10 22:58:21,-23.65,-70.4,290.75,78,49,2.61
191,Honiara,SB,2022-11-10 22:58:21,-9.4333,159.95,300.09,85,100,0.94
192,Umm Lajj,SA,2022-11-10 22:58:21,25.0213,37.2685,297.17,57,19,3.71
193,Esperance,AU,2022-11-10 22:56:36,-33.8667,121.9,288.06,78,95,5.17
194,Te Anau,NZ,2022-11-10 22:58:22,-45.4167,167.7167,292.96,47,0,0.57
195,Kasempa,ZM,2022-11-10 22:58:22,-13.4584,25.8338,289.25,96,98,1.03
196,Altea,ES,2022-11-10 22:54:59,38.5989,-0.0514,289.93,79,6,4.96
197,Bredasdorp,ZA,2022-11-10 22:55:05,-34.5322,20.0403,289.23,80,31,6.77
198,Ossora,RU,2022-11-10 22:58:23,59.2353,163.0719,274.96,86,100,12.15
199,Hasaki,JP,2022-11-10 22:58:09,35.7333,140.8333,290.49,56,0,6.77
200,Olafsvik,IS,2022-11-10 22:58:23,64.8945,-23.7142,277.47,90,100,14.58
201,Tomatlan,MX,2022-11-10 22:58:23,19.9333,-105.25,300.45,70,3,4.59
202,Mount Gambier,AU,2022-11-10 22:58:24,-37.8333,140.7667,289.1,82,75,2.57
203,Los Algarrobos,PA,2022-11-10 22:58:24,8.5,-82.4333,296.38,100,75,2.06
204,Victoria,HK,2022-11-10 22:55:02,22.2855,114.1577,297.69,83,29,3.58
205,Kieta,PG,2022-11-10 22:58:24,-6.2167,155.6333,302.81,68,80,1.17
206,High Prairie,CA,2022-11-10 22:58:25,55.4334,-116.4858,263.47,88,8,0.05
207,Myitkyina,MM,2022-11-10 22:58:25,25.3833,97.4,288.49,83,0,1.02
208,Laguna,US,2022-11-10 22:58:25,38.421,-121.4238,288.79,54,40,0.89
209,Metro,ID,2022-11-10 22:58:26,-5.1131,105.3067,296.64,90,100,1.36
210,Aldan,RU,2022-11-10 22:58:26,58.6031,125.3894,262.82,89,100,4.02
211,Polunochnoye,RU,2022-11-10 22:58:26,60.8697,60.4153,272.69,99,100,2.55
212,Korem,ET,2022-11-10 22:58:27,12.5058,39.5228,284.32,84,58,1.9
213,Lasa,IT,2022-11-10 22:58:27,46.6166,10.7002,274.65,55,21,0.49
214,Ugoofaaru,MV,2022-11-10 22:58:27,5.6667,73.0,300.3,70,100,0.36
215,Vila,PT,2022-11-10 22:58:28,42.0304,-8.1588,281.64,93,52,1.59
216,Korla,CN,2022-11-10 22:58:28,41.7597,86.1469,275.29,74,26,1.09
217,Cabedelo,BR,2022-11-10 22:58:28,-6.9811,-34.8339,299.52,79,32,4.71
218,Jiayuguan,CN,2022-11-10 22:58:28,39.8167,98.3,274.2,49,100,1.79
219,Okhotsk,RU,2022-11-10 22:58:29,59.3833,143.3,257.02,71,12,8.52
220,Tucuman,AR,2022-11-10 22:54:50,-26.8241,-65.2226,306.15,27,20,3.6
221,Machico,PT,2022-11-10 22:58:29,32.7,-16.7667,292.99,84,20,2.06
222,Nova Odesa,UA,2022-11-10 22:58:29,47.3078,31.7851,279.2,82,9,1.57
223,Guanay,BO,2022-11-10 22:58:30,-15.4975,-67.8797,298.69,77,98,0.84
224,Samarinda,ID,2022-11-10 22:58:30,-0.5,117.15,297.27,94,97,0.58
225,Takoradi,GH,2022-11-10 22:58:30,4.8845,-1.7554,298.02,88,100,3.13
226,Pevek,RU,2022-11-10 22:59:30,69.7008,170.3133,253.51,98,100,1.24
227,Moose Factory,CA,2022-11-10 22:59:31,51.2585,-80.6094,269.15,80,100,2.57
228,Shimoda,JP,2022-11-10 22:59:31,34.6667,138.95,290.99,67,0,5.32
229,Maragogi,BR,2022-11-10 22:59:31,-9.0122,-35.2225,298.39,84,14,2.56
230,Sisimiut,GL,2022-11-10 22:59:32,66.9395,-53.6735,263.2,80,100,4.89
231,Garowe,SO,2022-11-10 22:59:32,8.4054,48.4845,296.21,75,25,5.52
232,Kodinsk,RU,2022-11-10 22:59:32,58.6881,99.1844,268.39,96,100,2.09
233,Kabinda,CD,2022-11-10 22:59:32,-6.1333,24.4833,291.33,97,100,0.64
234,Khatanga,RU,2022-11-10 22:59:33,71.9667,102.5,250.8,98,100,3.12
235,Belaya Gora,RU,2022-11-10 22:59:33,68.5333,146.4167,239.55,99,34,1.55
236,Kailua,US,2022-11-10 22:59:33,21.4022,-157.7394,300.94,72,10,3.13
237,Hitoyoshi,JP,2022-11-10 22:59:33,32.2167,130.75,286.84,79,3,1.02
238,Mizdah,LY,2022-11-10 22:59:34,31.4451,12.9801,286.72,69,4,3.02
239,Izhma,RU,2022-11-10 22:59:34,65.0083,53.9113,271.42,96,100,2.65
240,Si Satchanalai,TH,2022-11-10 22:59:34,17.5169,99.7598,294.03,87,99,1.53
241,Lavrentiya,RU,2022-11-10 22:59:35,65.5833,-171.0,267.83,86,100,3.87
242,Mar Del Plata,AR,2022-11-10 22:55:08,-38.0023,-57.5575,293.05,85,0,8.94
243,Eenhana,NA,2022-11-10 22:59:35,-17.4667,16.3333,299.0,21,46,2.14
244,Nantucket,US,2022-11-10 22:59:35,41.2835,-70.0995,288.71,92,0,9.42
245,Hofn,IS,2022-11-10 22:59:36,64.2539,-15.2082,279.09,72,99,3.74
246,Llandrindod Wells,GB,2022-11-10 22:59:36,52.2416,-3.3787,287.2,85,100,9.97
247,Hailey,US,2022-11-10 22:59:36,43.5196,-114.3153,270.32,70,0,0.61
248,Shibetsu,JP,2022-11-10 22:59:36,43.659,145.132,277.29,61,10,4.28
249,Bhimunipatnam,IN,2022-11-10 22:59:37,17.8833,83.4333,295.44,74,91,4.04
250,La Mitra,PA,2022-11-10 22:59:37,8.8422,-79.7867,299.55,91,100,2.54
251,San Juan De Los Lagos,MX,2022-11-10 22:59:37,21.25,-102.3,299.0,22,0,4.91
252,Omboue,GA,2022-11-10 22:59:38,-1.5746,9.2618,295.57,95,98,1.74
253,Monrovia,LR,2022-11-10 22:59:38,6.3005,-10.7969,299.26,83,75,4.08
254,Aklavik,CA,2022-11-10 22:59:38,68.2191,-135.0107,263.15,85,75,2.06
255,Nome,US,2022-11-10 22:59:38,64.5011,-165.4064,274.19,86,100,7.2
256,Xudat,AZ,2022-11-10 22:59:39,41.631,48.681,284.76,80,93,1.94
257,Kasamwa,TZ,2022-11-10 22:59:39,-2.85,32.4333,291.94,88,78,1.24
258,Bozeman,US,2022-11-10 22:58:38,45.6796,-111.0386,267.55,78,100,0.67
259,Jiblah,YE,2022-11-10 22:59:39,13.9216,44.1467,287.62,72,16,1.72
260,Luderitz,NA,2022-11-10 22:59:40,-26.6481,15.1594,287.3,82,4,4.93
261,Bukachacha,RU,2022-11-10 22:59:40,52.9833,116.9167,262.12,96,100,1.51
262,Merauke,ID,2022-11-10 22:59:40,-8.4667,140.3333,300.34,71,97,5.98
263,Hualmay,PE,2022-11-10 22:59:40,-11.0964,-77.6139,291.85,79,10,4.73
264,Lakes Entrance,AU,2022-11-10 22:59:41,-37.8811,147.981,293.24,88,100,2.61
265,Severo-Kurilsk,RU,2022-11-10 22:59:41,50.6789,156.125,273.05,79,98,17.4
266,Sao Gabriel Da Cachoeira,BR,2022-11-10 22:59:41,-0.1303,-67.0892,297.81,81,32,1.39
267,Bilibino,RU,2022-11-10 22:59:42,68.0546,166.4372,254.62,99,100,1.38
268,Torbay,CA,2022-11-10 23:00:42,47.6666,-52.7314,280.24,84,75,11.83
269,Margate,GB,2022-11-10 22:57:08,51.3813,1.3862,288.09,79,84,3.13
270,Henties Bay,NA,2022-11-10 23:00:42,-22.116,14.2845,287.66,92,0,1.2
271,Lebyazhye,RU,2022-11-10 23:00:43,55.2689,66.4947,273.48,99,100,2.45
272,Karratha,AU,2022-11-10 23:00:43,-20.7377,116.8463,294.49,47,0,6.93
273,Chokurdakh,RU,2022-11-10 23:00:43,70.6333,147.9167,246.55,99,100,3.25
274,Cabo San Lucas,MX,2022-11-10 23:00:04,22.8909,-109.9124,301.82,70,68,3.77
275,Amot,NO,2022-11-10 23:00:44,59.5714,7.9877,282.46,94,100,5.25
276,Orodara,BF,2022-11-10 23:00:44,10.9492,-4.9342,295.69,28,41,1.03
277,Salalah,OM,2022-11-10 23:00:44,17.0151,54.0924,297.45,73,1,1.61
278,Sao Filipe,CV,2022-11-10 23:00:45,14.8961,-24.4956,298.55,71,84,2.59
279,Nelson,NZ,2022-11-10 23:00:45,-41.2833,173.2833,290.53,50,100,2.68
280,Dingle,PH,2022-11-10 23:00:46,10.9995,122.6711,298.89,89,97,3.19
281,Cidreira,BR,2022-11-10 23:00:46,-30.1811,-50.2056,291.81,87,68,4.08
282,Cherskiy,RU,2022-11-10 23:00:47,68.75,161.3,254.36,98,100,2.3
283,Harper,LR,2022-11-10 23:00:47,4.375,-7.7169,298.44,84,67,3.38
284,Chernoistochinsk,RU,2022-11-10 23:00:48,57.7364,59.8719,274.41,99,100,2.37
285,Tual,ID,2022-11-10 23:00:48,-5.6667,132.75,301.54,72,73,1.58
286,Marquette,US,2022-11-10 23:00:49,46.5333,-87.6335,278.05,96,100,2.58
287,Lumeje,AO,2022-11-10 23:00:49,-11.55,20.7833,290.58,88,100,1.91
288,Codrington,AU,2022-11-10 23:00:50,-38.2667,141.9667,288.2,92,99,3.82
289,Seybaplaya,MX,2022-11-10 23:00:50,19.65,-90.6667,299.85,70,2,2.7
290,Alta Floresta,BR,2022-11-10 22:59:57,-9.8756,-56.0861,296.84,74,79,1.18
291,Maarianhamina,AX,2022-11-10 23:00:51,60.0973,19.9348,283.07,87,100,7.72
292,Bandarbeyla,SO,2022-11-10 23:00:51,9.4942,50.8122,299.64,70,11,7.04
293,Gasa,PS,2022-11-10 23:00:51,31.5,34.4667,292.34,70,0,3.61
294,Mossendjo,CG,2022-11-10 23:00:52,-2.9506,12.7261,292.73,99,100,1.6
295,Jhudo,PK,2022-11-10 23:00:52,24.964,69.2968,296.3,34,0,2.3
296,Mazagao,BR,2022-11-10 23:00:52,-0.115,-51.2894,298.02,78,18,2.19
297,Gao,ML,2022-11-10 23:00:52,16.6362,1.637,296.36,14,3,4.96
298,Ostrovnoy,RU,2022-11-10 23:00:53,68.0531,39.5131,274.28,90,100,2.89
299,Mnogovershinnyy,RU,2022-11-10 23:00:53,53.9353,139.9242,266.68,76,87,5.59
300,Vila Velha,BR,2022-11-10 22:56:41,-20.3297,-40.2925,298.12,87,0,3.09
301,La Ronge,CA,2022-11-10 23:00:42,55.1001,-105.2842,261.12,89,69,2.27
302,Kashi,CN,2022-11-10 23:00:54,39.4547,75.9797,275.64,53,5,0.73
303,Labuhan,ID,2022-11-10 23:00:54,-6.8844,112.2051,298.48,85,100,2.48
304,Batemans Bay,AU,2022-11-10 23:00:05,-35.7167,150.1833,292.09,50,100,2.23
305,Pangoa,PE,2022-11-10 23:00:54,-12.1167,-73.0,294.05,97,94,1.45
306,Saint George,US,2022-11-10 22:57:39,37.1041,-113.5841,286.17,35,0,1.79
307,Sabang,ID,2022-11-10 23:00:55,5.8933,95.3214,300.31,73,100,2.06
308,Kitale,KE,2022-11-10 23:00:56,1.0157,35.0062,287.47,81,100,1.37
309,Clinton,US,2022-11-10 22:55:58,42.587,-82.9199,293.21,53,20,4.63
310,Rudnichnyy,RU,2022-11-10 23:00:56,59.617,52.4703,277.09,98,100,3.47
311,Vao,NC,2022-11-10 23:00:56,-22.6667,167.4833,295.78,74,71,5.17
312,Kudahuvadhoo,MV,2022-11-10 23:00:57,2.6708,72.8944,300.12,74,100,4.45
313,Leningradskiy,RU,2022-11-10 23:00:57,69.3833,178.4167,255.18,89,100,1.7
314,Biltine,TD,2022-11-10 23:00:58,14.5333,20.9167,297.13,21,26,3.73
315,Bilma,NE,2022-11-10 23:01:58,18.6853,12.9164,294.0,25,22,2.64
316,Logan Lake,CA,2022-11-10 23:01:58,50.4998,-120.8025,261.05,92,46,1.11
317,Broome,US,2022-11-10 23:01:59,42.2506,-75.833,288.36,62,0,4.63
318,Hlukhiv,UA,2022-11-10 23:01:59,51.6782,33.9162,277.97,86,93,4.41
319,Porto Torres,IT,2022-11-10 22:59:09,40.835,8.3972,290.25,79,99,3.38
320,Frechen,DE,2022-11-10 23:01:59,50.9167,6.8167,283.56,85,75,1.54
321,Benjamin Hill,MX,2022-11-10 23:02:00,30.1667,-111.1,293.39,36,59,3.68
322,Qaqortoq,GL,2022-11-10 23:02:00,60.7167,-46.0333,267.89,90,100,0.36
323,Copiapo,CL,2022-11-10 23:01:05,-27.3667,-70.3333,293.16,47,78,2.3
324,Camacha,PT,2022-11-10 23:02:01,33.0833,-16.3333,290.83,82,20,2.06
325,Saint Anthony,US,2022-11-10 23:02:02,45.0205,-93.218,278.74,84,100,9.77
326,Oneonta,US,2022-11-10 23:02:02,42.4529,-75.0638,285.72,91,12,2.81
327,Impfondo,CG,2022-11-10 23:02:03,1.6381,18.0667,293.53,99,85,0.93
328,Phuket,TH,2022-11-10 23:00:10,8.0,98.25,302.64,88,20,0.51
329,Pimentel,PE,2022-11-10 23:02:04,-6.8367,-79.9342,290.81,84,33,7.34
330,Chimbarongo,CL,2022-11-10 23:02:05,-34.7,-71.05,290.22,52,100,2.06
331,Sovetskiy,RU,2022-11-10 23:02:05,61.3614,63.5842,269.31,96,90,2.75
332,Bud,US,2022-11-10 23:02:06,39.447,-86.1758,292.54,56,75,2.91
333,Golden,US,2022-11-10 23:00:08,39.7555,-105.2211,282.71,26,32,4.02
334,Kavaratti,IN,2022-11-10 23:02:06,10.5669,72.642,301.09,64,24,3.58
335,Katsuura,JP,2022-11-10 23:02:07,35.1333,140.3,290.66,61,2,6.12
336,Turukhansk,RU,2022-11-10 23:02:07,65.8167,87.9833,254.32,94,100,2.79
337,Quatre Cocos,MU,2022-11-10 23:02:08,-20.2078,57.7625,296.21,70,6,3.88
338,Roald,NO,2022-11-10 23:02:08,62.5833,6.1333,286.66,88,75,15.95
339,Santa Cruz De La Palma,ES,2022-11-10 23:02:09,28.6835,-17.7642,295.23,78,75,3.6
340,Riyadh,SA,2022-11-10 22:59:55,24.6877,46.7219,298.23,22,82,3.88
341,Touros,BR,2022-11-10 23:02:10,-5.1989,-35.4608,298.75,74,76,6.93
342,Novopokrovka,UA,2022-11-10 23:02:12,49.8425,36.5477,276.78,87,36,2.61
343,Gazanjyk,TM,2022-11-10 23:02:12,39.2446,55.5154,280.26,52,34,4.84
344,Naze,JP,2022-11-10 23:02:13,28.3667,129.4833,295.15,81,20,6.28
345,Vestmannaeyjar,IS,2022-11-10 23:02:13,63.4427,-20.2734,280.77,84,100,2.52
346,Nakhon Thai,TH,2022-11-10 23:02:14,17.1006,100.8374,292.66,83,80,1.27
347,Marsa Matruh,EG,2022-11-10 23:02:14,31.3525,27.2453,293.41,63,24,5.14
348,Temyasovo,RU,2022-11-10 23:02:15,52.9933,58.1014,272.13,96,100,4.67
349,Ponta Do Sol,PT,2022-11-10 23:02:15,32.6667,-17.1,292.99,82,66,0.41
350,Krutinka,RU,2022-11-10 23:02:17,56.0055,71.5113,273.24,95,100,4.27
351,Bonthe,SL,2022-11-10 23:02:18,7.5264,-12.505,299.28,83,51,2.82
352,Norman Wells,CA,2022-11-10 23:02:18,65.282,-126.8329,262.27,82,100,2.84
353,Oltu,TR,2022-11-10 23:02:18,40.5498,42.0013,280.18,86,94,1.26
354,Hartford,US,2022-11-10 23:01:04,41.7668,-72.7662,289.22,72,1,1.34
355,Tantoyuca,MX,2022-11-10 23:02:19,21.35,-98.2333,300.77,65,0,3.5
356,Safaga,EG,2022-11-10 23:02:19,26.7292,33.9365,295.04,50,2,5.88
357,Nanortalik,GL,2022-11-10 23:02:20,60.1432,-45.2371,270.63,72,100,6.06
358,At-Bashi,KG,2022-11-10 23:02:20,41.1702,75.8106,263.31,53,34,1.44
359,Kununurra,AU,2022-11-10 22:57:56,-15.7667,128.7333,302.14,79,22,4.12
360,Chatellerault,FR,2022-11-10 23:02:20,46.8,0.5333,279.57,1,62,2.15
361,Cam Ranh,VN,2022-11-10 23:02:21,11.9214,109.1591,300.13,78,40,4.12
362,Pisco,PE,2022-11-10 23:02:21,-13.7,-76.2167,290.94,84,5,3.77
363,Alice Town,BS,2022-11-10 23:02:21,25.7167,-79.3,298.61,83,38,7.12
364,Hambantota,LK,2022-11-10 23:02:22,6.1241,81.1185,298.69,82,100,2.3
365,Ilam,NP,2022-11-10 23:03:22,26.9167,87.9167,286.03,85,1,2.49
366,San Patricio,US,2022-11-10 23:03:22,28.017,-97.5169,300.55,64,14,5.15
367,Canutama,BR,2022-11-10 23:03:23,-6.5339,-64.3831,298.77,81,73,0.87
368,Baherden,TM,2022-11-10 23:03:23,38.4362,57.4316,281.17,49,2,2.87
369,Gusau,NG,2022-11-10 23:03:23,12.1628,6.6614,297.71,27,10,2.5
370,Segezha,RU,2022-11-10 23:03:24,63.7415,34.3222,278.96,93,100,4.09
371,Soyo,AO,2022-11-10 23:03:24,-6.1349,12.3689,298.14,81,62,2.49
372,Grand Gaube,MU,2022-11-10 23:03:25,-20.0064,57.6608,296.37,72,18,0.45
373,Padang,ID,2022-11-10 23:03:25,-0.9492,100.3543,297.53,89,100,1.62
374,Akdepe,TM,2022-11-10 23:00:49,42.0551,59.3788,276.19,64,13,3.61
375,Maamba,ZM,2022-11-10 23:03:25,-17.3667,27.15,295.47,73,31,0.68
376,Tilichiki,RU,2022-11-10 23:03:26,60.4667,166.1,267.87,86,100,4.22
377,Broken Hill,AU,2022-11-10 23:02:34,-31.95,141.4333,295.01,61,3,2.36
378,Ukiah,US,2022-11-10 23:00:15,39.1502,-123.2078,289.24,56,36,1.96
379,Pleven,BG,2022-11-10 23:03:26,43.4167,24.6167,281.12,87,40,2.06
380,Khash,IR,2022-11-10 23:03:26,28.2211,61.2158,287.13,41,34,0.53
381,Martin,US,2022-11-10 23:03:27,27.0837,-80.4164,299.8,88,29,3.87
382,Bani,DO,2022-11-10 23:03:27,18.2833,-70.3333,300.85,86,15,2.46
383,Caravelas,BR,2022-11-10 23:03:27,-17.7125,-39.2481,297.69,88,46,3.45
384,Kloulklubed,PW,2022-11-10 23:03:27,7.0419,134.2556,299.43,74,99,7.01
385,Char Bhadrasan,BD,2022-11-10 23:03:28,23.3167,90.2167,294.37,70,74,2.11
386,Oranjestad,AW,2022-11-10 23:03:28,12.524,-70.027,301.12,85,20,3.09
387,Hirara,JP,2022-11-10 23:00:13,24.8,125.2833,298.07,94,75,1.03
388,Mount Isa,AU,2022-11-10 23:03:29,-20.7333,139.5,302.02,54,7,5.14
389,Kashan,IR,2022-11-10 23:03:29,33.9831,51.4364,286.09,35,83,1.18
390,Bardiyah,LY,2022-11-10 23:03:29,31.7561,25.0865,292.06,60,0,5.25
391,Nelson Bay,AU,2022-11-10 23:03:29,-32.7167,152.15,294.32,68,51,3.13
392,Tavda,RU,2022-11-10 23:03:30,58.0425,65.2726,272.72,97,100,1.51
393,Rorvik,NO,2022-11-10 23:03:30,64.8621,11.2373,281.21,93,100,7.2
394,Severo-Yeniseyskiy,RU,2022-11-10 23:03:30,60.3725,93.0408,263.83,97,100,1.72
395,Ulladulla,AU,2022-11-10 23:03:31,-35.35,150.4667,294.86,53,98,2.9
396,Minab,IR,2022-11-10 23:03:31,27.1467,57.0801,298.87,57,3,1.08
397,Shiojiri,JP,2022-11-10 23:03:31,36.1,137.9667,278.89,85,0,0.84
398,Umba,RU,2022-11-10 23:03:31,66.6871,34.3429,274.33,99,100,2.75
399,Katherine,AU,2022-11-10 23:03:32,-14.4667,132.2667,301.33,69,60,2.57
400,Beloha,MG,2022-11-10 23:03:32,-25.1667,45.05,295.93,83,2,1.55
401,Bagotville,AU,2022-11-10 23:03:32,-28.9833,153.4167,295.85,67,9,1.21
402,Manuk Mangkaw,PH,2022-11-10 23:03:33,4.8,119.85,300.47,78,94,0.51
403,Coquimbo,CL,2022-11-10 23:03:33,-29.9533,-71.3436,289.0,77,20,1.03
404,Eha Amufu,NG,2022-11-10 23:03:33,6.6592,7.7596,298.2,79,100,2.54
405,Leshukonskoye,RU,2022-11-10 23:03:33,64.8989,45.7622,269.36,98,96,1.36
406,Kummersbruck,DE,2022-11-10 23:03:34,49.4192,11.8883,280.43,94,68,1.42
407,Plover,US,2022-11-10 23:04:34,44.4564,-89.544,291.7,92,100,3.6
408,Dicabisagan,PH,2022-11-10 23:04:35,17.0818,122.4157,299.52,85,66,1.74
409,Zaranj,AF,2022-11-10 23:04:35,30.9667,61.8833,288.93,34,58,3.57
410,Magole,TZ,2022-11-10 23:04:35,-6.3667,37.3667,295.09,88,63,1.66
411,Kaeo,NZ,2022-11-10 23:04:35,-35.1,173.7833,292.99,92,95,3.04
412,Kingaroy,AU,2022-11-10 23:04:36,-26.5333,151.8333,294.84,46,35,2.04
413,Ketchikan,US,2022-11-10 23:04:36,55.3422,-131.6461,274.27,98,100,3.13
414,Batagay-Alyta,RU,2022-11-10 23:04:36,67.8006,130.4114,247.29,90,98,0.43
415,Petersburg,US,2022-11-10 23:04:37,37.2279,-77.4019,293.63,76,100,2.57
416,Nyuksenitsa,RU,2022-11-10 23:04:37,60.4128,44.2397,279.72,96,100,3.89
417,Lompoc,US,2022-11-10 23:04:37,34.6391,-120.4579,293.58,55,0,7.2
418,Roma,US,2022-11-10 23:04:37,43.2128,-75.4557,289.19,61,0,2.57
419,Ridgecrest,US,2022-11-10 23:00:21,35.6225,-117.6709,289.07,24,0,0.89
420,Weston,US,2022-11-10 23:04:38,26.1004,-80.3998,300.37,77,0,6.17
421,Atbasar,KZ,2022-11-10 23:04:38,51.8,68.3333,271.83,96,100,5.54
422,Carman,CA,2022-11-10 23:04:38,49.4992,-98.0016,267.53,91,100,8.84
423,Chengde,CN,2022-11-10 23:00:10,40.9725,117.9361,280.05,86,63,0.45
424,Carutapera,BR,2022-11-10 23:04:39,-1.195,-46.02,298.42,85,17,2.8
425,Coihaique,CL,2022-11-10 23:04:39,-45.5752,-72.0662,287.49,92,100,1.93
426,Oktyabrskiy,RU,2022-11-10 23:04:39,54.4815,53.471,276.1,97,100,4.86
427,Male,MV,2022-11-10 23:04:39,4.1748,73.5089,300.08,74,99,2.34
428,Yukhnov,RU,2022-11-10 23:04:40,54.7444,35.2297,280.21,92,100,3.54
429,Kahului,US,2022-11-10 23:04:40,20.8947,-156.47,303.16,59,20,8.75
430,Ranong,TH,2022-11-10 23:04:40,9.9658,98.6348,297.64,87,38,1.74
431,Tecoanapa,MX,2022-11-10 23:04:41,16.5167,-98.75,301.43,74,12,4.53
432,Ambon,ID,2022-11-10 23:04:41,-3.6954,128.1814,300.23,13,40,2.06
433,Labuan,MY,2022-11-10 23:00:35,5.2767,115.2417,300.62,76,99,2.62
434,Minden,DE,2022-11-10 23:04:41,52.2833,8.9167,284.52,74,75,5.66
435,Meadow Lake,US,2022-11-10 23:04:41,34.8014,-106.5436,284.7,26,0,4.17
436,Mantua,IT,2022-11-10 23:04:42,45.1667,10.7833,284.31,88,24,0.89
437,Erenhot,CN,2022-11-10 23:04:42,43.6475,111.9767,276.85,45,96,3.74
438,Chumikan,RU,2022-11-10 23:04:42,54.7183,135.315,263.18,86,29,8.57
439,Pacifica,US,2022-11-10 23:04:43,37.6138,-122.4869,290.2,64,40,6.69
440,Nador,MA,2022-11-10 23:04:43,35.174,-2.9287,293.29,83,75,3.09
441,Zomba,MW,2022-11-10 23:04:43,-15.386,35.3188,294.37,70,100,1.72
442,Necochea,AR,2022-11-10 23:00:07,-38.5473,-58.7368,290.96,69,98,2.52
443,Ingham,US,2022-11-10 23:04:44,42.6,-84.3833,293.03,50,0,2.06
444,Huilong,CN,2022-11-10 23:04:44,31.8111,121.655,292.0,96,4,3.72
445,Akyab,MM,2022-11-10 23:04:44,20.15,92.9,295.41,77,61,2.48
446,Kurchum,KZ,2022-11-10 23:04:44,48.5722,83.6542,272.08,55,100,2.24
447,Surgut,RU,2022-11-10 23:00:33,61.25,73.4167,269.25,93,75,0.0
448,Verkhovazhye,RU,2022-11-10 23:04:45,60.7472,42.0465,279.94,96,100,3.07
449,Boda,CF,2022-11-10 23:04:45,4.3189,17.4695,293.81,97,95,1.69
450,Nigde,TR,2022-11-10 23:04:45,37.8333,34.75,277.59,80,14,0.73
451,Fortuna,US,2022-11-10 23:04:46,40.5982,-124.1573,284.81,79,0,4.63
452,Chicama,PE,2022-11-10 23:04:46,-7.8447,-79.1469,290.45,74,23,4.29
453,Perth,AU,2022-11-10 23:03:22,-31.9333,115.8333,286.3,79,75,7.2
454,Palia Kalan,IN,2022-11-10 23:05:46,28.45,80.5833,289.55,79,0,0.9
455,Korhogo,CI,2022-11-10 23:05:47,9.45,-5.6333,296.77,42,41,1.61
456,Ahipara,NZ,2022-11-10 23:05:47,-35.1667,173.1667,293.34,86,95,2.98
457,Saint-Prosper,CA,2022-11-10 23:05:47,46.2117,-70.4811,283.78,58,97,4.21
458,Vostok,RU,2022-11-10 23:05:47,46.4856,135.8833,267.83,52,7,1.76
459,Krasnouralsk,RU,2022-11-10 23:05:48,58.3638,60.0407,274.35,99,100,2.94
460,Konde,TZ,2022-11-10 23:05:48,-4.95,39.75,297.56,89,70,2.53
461,Shakiso,ET,2022-11-10 23:05:48,5.75,38.9167,286.21,96,88,1.43
462,Haines Junction,CA,2022-11-10 23:05:48,60.7522,-137.5108,271.07,94,99,1.34
463,Newport,GB,2022-11-10 23:05:49,51.5877,-2.9984,288.7,83,100,9.76
464,Bathsheba,BB,2022-11-10 23:03:14,13.2167,-59.5167,299.97,79,100,5.91
465,Zatoka,UA,2022-11-10 23:05:49,46.0725,30.4654,284.63,74,3,0.96
466,De Pere,US,2022-11-10 23:05:49,44.4489,-88.0604,294.88,72,100,5.66
467,Buchanan,LR,2022-11-10 23:05:49,5.8808,-10.0467,298.99,81,43,3.23
468,Panorama,GR,2022-11-10 23:05:50,40.5878,23.0315,285.2,83,13,1.79
469,Porto Franco,BR,2022-11-10 23:05:50,-6.3383,-47.3992,299.23,65,38,0.41
470,Dalbandin,PK,2022-11-10 23:05:50,28.8947,64.4101,290.44,35,93,2.53
471,Axim,GH,2022-11-10 23:05:50,4.8699,-2.2405,298.82,83,97,3.23
472,Toora-Khem,RU,2022-11-10 23:05:51,52.4675,96.11,256.64,99,73,0.86
473,Najran,SA,2022-11-10 23:05:51,17.4924,44.1277,290.0,27,1,0.97
474,North Battleford,CA,2022-11-10 23:05:51,52.7834,-108.2847,255.6,94,31,1.95
475,Shingu,JP,2022-11-10 23:05:52,33.7333,135.9833,289.42,69,6,1.76
476,Srednekolymsk,RU,2022-11-10 23:05:52,67.45,153.6833,251.45,100,100,0.63
477,Preobrazheniye,RU,2022-11-10 23:05:52,42.9019,133.9064,277.92,38,14,1.35
478,Kalmunai,LK,2022-11-10 23:05:52,7.4167,81.8167,297.59,86,98,3.64
479,Talara,PE,2022-11-10 23:05:53,-4.5772,-81.2719,293.57,68,0,7.2
480,Sabya,SA,2022-11-10 23:05:53,17.1495,42.6254,301.81,65,4,2.37
481,Jimenez,MX,2022-11-10 23:05:53,28.3333,-105.4,300.78,14,100,1.93
482,Matara,LK,2022-11-10 23:05:54,5.9485,80.5353,297.45,89,100,2.02
483,Tiffin,US,2022-11-10 23:05:54,41.1145,-83.178,290.98,46,44,4.13
484,Mango,US,2022-11-10 23:01:05,27.9797,-82.3065,295.55,96,100,8.05
485,Ankazoabo,MG,2022-11-10 23:05:54,-22.2833,44.5167,296.87,65,85,1.37
486,Khandbari,NP,2022-11-10 23:05:54,27.3747,87.2039,286.57,82,27,1.5
487,Townsville,AU,2022-11-10 23:03:28,-19.25,146.8,300.64,57,40,6.17
488,Atherton,GB,2022-11-10 23:05:55,53.5237,-2.4935,288.09,79,100,1.79
489,Atraulia,IN,2022-11-10 23:05:55,26.3333,82.95,293.2,66,0,2.38
490,Luena,AO,2022-11-10 23:05:55,-11.7833,19.9167,288.59,98,99,1.54
491,Nizhniy Tsasuchey,RU,2022-11-10 23:05:56,50.5167,115.1333,266.57,76,47,6.73
492,Coihueco,CL,2022-11-10 23:05:56,-36.6167,-71.8333,290.56,59,75,1.54
493,Marawi,PH,2022-11-10 23:01:53,7.9986,124.2928,295.44,86,93,0.42
494,Puerto Escondido,MX,2022-11-10 23:05:57,15.85,-97.0667,302.61,61,40,1.54
495,Poronaysk,RU,2022-11-10 23:05:57,49.2167,143.1167,272.07,47,2,3.53
496,Olhao,PT,2022-11-10 23:05:57,37.0286,-7.8411,291.53,82,0,3.09
497,Yaan,NG,2022-11-10 23:05:57,7.3833,8.5667,299.5,60,95,4.1
498,Revelstoke,CA,2022-11-10 23:05:58,50.9832,-118.2023,274.05,66,3,0.17
499,Saint-Joseph,RE,2022-11-10 23:05:58,-21.3667,55.6167,293.36,75,16,3.52
500,Dalbeattie,GB,2022-11-10 23:06:58,54.9328,-3.8227,286.95,88,100,12.76
501,Alice Springs,AU,2022-11-10 23:06:59,-23.7,133.8833,300.9,42,40,5.14
502,Bantou,CN,2022-11-10 23:06:59,26.2151,117.4893,292.69,90,2,0.93
503,Pajapan,MX,2022-11-10 23:06:59,18.25,-94.7,299.24,79,53,1.47
504,Chenghai,CN,2022-11-10 23:06:59,23.4632,116.768,294.78,89,3,1.18
505,Camacari,BR,2022-11-10 23:07:00,-12.6975,-38.3242,300.02,89,6,2.6
506,Salinopolis,BR,2022-11-10 23:07:00,-0.6136,-47.3561,299.42,83,8,4.22
507,Katobu,ID,2022-11-10 23:07:00,-4.9408,122.5276,300.16,77,63,1.2
508,Tulsipur,NP,2022-11-10 23:07:01,28.131,82.2973,287.66,76,0,2.12
509,Felanitx,ES,2022-11-10 23:07:01,39.4696,3.1483,289.89,80,100,5.34
510,Oussouye,SN,2022-11-10 23:07:01,12.485,-16.5469,299.33,75,11,3.13
511,Jalingo,NG,2022-11-10 23:07:02,8.8833,11.3667,299.03,41,78,1.33
512,Udachnyy,RU,2022-11-10 23:07:02,66.4167,112.4,246.16,100,91,2.78
513,Vilhena,BR,2022-11-10 23:07:03,-12.7406,-60.1458,298.67,55,50,1.47
514,Uthal,PK,2022-11-10 23:07:03,25.8072,66.6219,298.3,65,0,0.61
515,Sydney,AU,2022-11-10 23:01:48,-33.8679,151.2073,297.38,53,0,3.09
516,Tshikapa,CD,2022-11-10 23:07:04,-6.4167,20.8,292.15,98,100,0.8
517,Kansanshi,ZM,2022-11-10 23:07:04,-12.0951,26.4273,288.86,94,89,0.96
518,Chenove,FR,2022-11-10 23:07:05,47.2932,5.0046,280.68,100,0,2.06
519,Fernie,CA,2022-11-10 23:07:06,49.5,-115.0687,267.97,92,99,1.58
520,Mandalgovi,MN,2022-11-10 23:07:06,45.7625,106.2708,268.8,68,100,6.44
521,Manzanillo,CU,2022-11-10 23:07:06,20.3433,-77.1167,299.32,68,14,2.54
522,Paragominas,BR,2022-11-10 23:04:23,-2.9667,-47.4833,297.53,75,54,1.83
523,Ilhabela,BR,2022-11-10 23:07:07,-23.7781,-45.3581,295.11,89,73,2.03
524,Baykit,RU,2022-11-10 23:07:08,61.67,96.37,258.75,88,99,0.48
525,Alekseyevka,RU,2022-11-10 23:07:09,50.6309,38.6903,276.34,91,22,2.91
526,Jalu,LY,2022-11-10 23:07:10,29.0331,21.5482,290.09,44,0,2.61
527,Dothan,US,2022-11-10 23:07:12,31.2232,-85.3905,291.4,95,100,8.75
528,Atar,MR,2022-11-10 23:07:12,20.5169,-13.0499,298.99,15,14,2.96
529,Shakawe,BW,2022-11-10 23:07:12,-18.3667,21.85,295.42,66,89,2.49
530,Dubuque,US,2022-11-10 23:03:15,42.4833,-90.8668,290.4,75,98,6.84
531,Mercedes,AR,2022-11-10 23:07:13,-34.6515,-59.4307,296.4,42,100,4.95
532,Kamenka,RU,2022-11-10 23:07:13,51.3223,42.7678,276.08,93,70,3.64
533,Westport,US,2022-11-10 23:07:14,41.1415,-73.3579,289.2,79,0,5.66
534,Beirut,LB,2022-11-10 23:07:14,33.8889,35.4944,290.58,61,0,3.18
535,Volkhov,RU,2022-11-10 23:07:15,59.9258,32.3382,280.92,96,99,2.9
536,Lucapa,AO,2022-11-10 23:07:15,-8.4192,20.7447,290.24,99,98,1.2
537,Lethem,GY,2022-11-10 23:07:16,3.3803,-59.7968,299.48,81,100,2.48
538,Novooleksiyivka,UA,2022-11-10 23:07:16,46.2269,34.6428,280.29,91,9,2.3
539,Saint-Ambroise,CA,2022-11-10 23:07:17,48.5501,-71.3324,279.03,99,100,1.85
540,Zaragoza,ES,2022-11-10 23:07:17,41.6561,-0.8773,284.83,60,0,1.03
541,Bogdanovich,RU,2022-11-10 23:07:17,56.7803,62.0494,273.82,100,100,2.49
542,Zhangye,CN,2022-11-10 23:07:18,38.9342,100.4517,274.01,82,100,3.93
543,Celestun,MX,2022-11-10 23:07:18,20.8667,-90.4,299.13,69,14,2.49
544,Eyl,SO,2022-11-10 23:07:19,7.9803,49.8164,299.36,72,28,6.1
545,Jiujiang,CN,2022-11-10 23:07:19,29.7333,115.9833,293.83,71,98,2.55
546,Evanston,US,2022-11-10 23:07:20,42.0411,-87.6901,295.43,40,40,8.23
547,Islamkot,PK,2022-11-10 23:08:20,24.6997,70.177,296.68,32,0,3.36
548,Sanghan,PH,2022-11-10 23:08:20,9.0856,125.5728,297.82,92,100,1.21
549,Port Hedland,AU,2022-11-10 23:08:21,-20.3167,118.5667,295.18,68,0,5.14
550,Alyangula,AU,2022-11-10 23:08:21,-13.8483,136.4192,303.19,60,8,5.0
551,Palafrugell,ES,2022-11-10 23:08:21,41.9174,3.1631,290.07,42,32,1.34
552,Manta,EC,2022-11-10 23:08:21,-0.95,-80.7333,294.64,80,15,5.85
553,Tungor,RU,2022-11-10 23:08:22,53.3808,142.9564,270.51,61,100,7.48
554,Zyryanka,RU,2022-11-10 23:08:22,65.75,150.85,249.77,98,100,2.55
555,Khuzhir,RU,2022-11-10 23:08:22,53.1939,107.3397,270.4,64,43,4.04
556,Palapag,PH,2022-11-10 23:08:23,12.5458,125.1147,300.35,88,96,3.4
557,Mahajanga,MG,2022-11-10 23:08:23,-15.7167,46.3167,299.16,89,40,1.54
558,Valparaiso,CL,2022-11-10 23:08:05,-33.0393,-71.6273,288.97,92,100,3.09
559,Pyshchug,RU,2022-11-10 23:08:24,58.8873,45.7134,279.54,94,100,4.15
560,Senador Jose Porfirio,BR,2022-11-10 23:08:24,-2.5908,-51.9542,299.77,55,56,2.32
561,Prince Albert,CA,2022-11-10 23:08:24,53.2001,-105.7677,254.49,98,39,2.56
562,Pangai,TO,2022-11-10 23:07:19,-19.8,-174.35,299.01,87,100,7.93
563,Sabinas Hidalgo,MX,2022-11-10 23:08:25,26.5,-100.1667,301.84,53,0,3.38
564,Santa Teresa,VE,2022-11-10 23:08:25,10.2341,-66.6631,297.31,90,94,1.11
565,Aplahoue,BJ,2022-11-10 23:08:25,6.9333,1.6833,297.28,88,100,2.89
566,Ponta Delgada,PT,2022-11-10 23:08:26,37.7333,-25.6667,290.1,82,20,3.09
567,Camabatela,AO,2022-11-10 23:08:26,-8.1881,15.375,289.25,98,94,0.97
568,Krasnoselkup,RU,2022-11-10 23:08:27,65.7,82.4667,256.34,87,100,4.1
569,Kaina,NG,2022-11-10 23:08:27,12.6374,8.5873,297.69,23,80,4.09
570,Nanakuli,US,2022-11-10 23:08:27,21.3906,-158.1547,301.12,54,100,4.63
571,Abu Dhabi,AE,2022-11-10 23:04:52,24.4667,54.3667,299.16,69,0,1.54
572,Hun,LY,2022-11-10 23:08:28,29.1268,15.9477,290.78,57,36,3.56
573,Yerbogachen,RU,2022-11-10 23:08:28,61.2767,108.0108,257.71,92,63,3.24
574,Meulaboh,ID,2022-11-10 23:08:28,4.1363,96.1285,297.4,88,100,1.8
575,Mbandaka,CD,2022-11-10 23:08:29,0.0487,18.2603,294.22,97,100,0.36
576,Sinnamary,GF,2022-11-10 23:08:29,5.3833,-52.95,299.07,84,42,3.24
577,Urdoma,RU,2022-11-10 23:08:29,61.7533,48.5442,274.14,100,100,0.7
578,Nhulunbuy,AU,2022-11-10 23:08:29,-12.2333,136.7667,303.49,70,66,4.12
579,Umm Kaddadah,SD,2022-11-10 23:08:30,13.6017,26.6876,294.63,25,10,5.33
580,Asau,RO,2022-11-10 23:08:30,46.4333,26.4,279.66,81,100,1.81
581,Batsfjord,NO,2022-11-10 23:08:30,70.6345,29.7185,274.11,86,100,4.63
582,Teknaf,BD,2022-11-10 23:08:31,20.8624,92.3058,294.03,76,75,1.82
